first,second,result
Japan,Apple Pie,Apple Pie
Japan,Apple Tree,Apple
Aphrodite,Japan,Geisha
Aspirin,Japan,Tokyo
Bacon,Japan,Sushi
Astronaut,Japan,Samurai
Japan,Bacteria,Sushi
Bait,Japan,Sushi
Balsamic Vinegar,Japan,Sushi
Barley,Japan,Sake
Baptism,Japan,Shinto
Japan,Bat,Ninja
Big Dipper,Japan,Ramen
Beach House,Japan,Tsunami
Beehive,Japan,Kawaii
Japan,Bear,Sumo
Beef Bourguignon,Japan,Sukiyaki
Birthday,Japan,Sushi
Bob Marley,Japan,Bob Marley
Boiling Frog,Japan,Sushi
Bonfire,Japan,Yokai
Japan,Blood,Samurai
Bonsai,Japan,Zen
Bottle Rocket,Japan,Godzilla
Japan,Bread,Sushi
Brandy,Japan,Sake
Broomstick,Japan,Witch
Bridge,Japan,Tokyo
Brew,Japan,Sake
Breeze,Japan,Typhoon
Broken,Japan,Earthquake
Bubble,Japan,Sushi
Japan,Cave,Ninja
Carrot,Japan,Sushi
Japan,Canal,Panama
Canoe,Japan,Sumo
Champagne,Japan,Sake
Chicken,Japan,Sushi
Chia,Japan,Bonsai
Chili,Japan,Wasabi
Cinderella,Japan,Geisha
Japan,Church,Shinto
Cider,Japan,Sake
Christmas,Japan,Santa Claus
Cigar Box,Japan,Godzilla
Japan,City,Tokyo
Clouds,Japan,Mt. Fuji
Clock,Japan,Tokyo
Japan,Clockwork,Samurai
Coconut Milk,Japan,Sake
Japan,Coconut Tree,Samurai
Japan,Confetti,Cherry Blossom
Curiosity,Japan,Anime
Crown,Japan,Samurai
Devil,Japan,Anime
Cyborg,Japan,Gundam
Dating,Japan,Geisha
Japan,Dandelion Tea,Matcha
Dead Sea,Japan,Tokyo
Japan,Dracula,Vampire
Doom,Japan,Godzilla
Duck and Cover,Japan,Godzilla
Japan,Dog,Akita
Dryad,Japan,Bonsai
Japan,Duckweed,Koi
Dust Trap,Japan,Godzilla
Dustpan,Japan,Ninja
Dust Bunny,Japan,Godzilla
Dutch,Japan,Windmill
Emulsion,Japan,Anime
Egg,Japan,Tamago
Egypt,Japan,Mummy
Electric Eel,Japan,Pokemon
Japan,Enlightenment,Zen
Eraser,Japan,Origami
Japan,Everest,Mount Fuji
Japan,Eyjafjallajökull,Tsunami
Fanboy,Japan,Otaku
Farmer,Japan,Samurai
Fenghuang,Japan,Phoenix
Fire Balloon,Japan,Hiroshima
Fire Breathing Dragon,Japan,Godzilla
Fire Swamp,Japan,Godzilla
Japan,Fire Truck,Godzilla
Firefighter,Japan,Sumo
Firefly,Japan,Samurai
Fire Train,Japan,Bullet Train
Firewater,Japan,Sake
Firewood,Japan,Sushi
Flock,Japan,Sushi
Flint,Japan,Katana
Flying Car,Japan,Anime
Japan,Flying Pig,Kamikaze
Japan,Flying Dust,Kamikaze
Japan,Flying Starfish,Godzilla
Flying Sushi,Japan,Kamikaze
Fragrance,Japan,Geisha
Japan,Fortress,Samurai
Fuel,Japan,Godzilla
Foggy Ghost,Japan,Godzilla
Fountain,Japan,Geisha
Japan,Galileo,Samurai
Japan,Fungus,Mushroom
Fungi,Japan,Mushroom
Garage,Japan,Toyota
Garlic,Japan,Vampire
Google,Japan,Nothing
Japan,Geothermal Plant,Fukushima
Japan,Gnome,Ninja
Goose,Japan,Sushi
Grapevine,Japan,Sake
Greenland,Japan,Greenland
Great Wall of China,Japan,China Town
Hay,Japan,Rice
Japan,Grill,Yakitori
Head,Japan,Samurai
Himalayas,Japan,Mount Fuji
Hellhound,Japan,Akita
Hive,Japan,Samurai
Japan,Holy Grail,Samurai
Hops,Japan,Sake
Hot Fudge,Japan,Sushi
Japan,Ice Cream Cone,Sushi
Holy Spirit,Japan,Anime
Japan,Jesus,Anime
Iron,Japan,Samurai
Jet Ski,Japan,Sumo
Inquisition,Japan,Seppuku
Ivy,Japan,Ninja
Joint,Japan,Sushi
Japan,Knight,Samurai
Jupiter,Japan,Manga
Ketchup,Japan,Sushi
Kraken,Japan,Godzilla
Krakken,Japan,Godzilla
Landfill,Japan,Tokyo
Lagoon,Japan,Tokyo
Landing,Japan,Moon
Library,Japan,Manga
Japan,Lawn,Bonsai
Laser,Japan,Godzilla
Landship,Japan,Samurai
Japan,Lava Monster,Godzilla
Light,Japan,Sushi
Love,Japan,Anime
Longboat,Japan,Samurai
Mad Hatter,Japan,Samurai
Longsword,Japan,Samurai
Matcha,Japan,Green Tea
Medicine,Japan,Sushi
Metal,Japan,Samurai
Medusa,Japan,Samurai
Money,Japan,Yen
Moat,Japan,Samurai
Metro,Japan,Tokyo
Monk,Japan,Samurai
Japan,Milkshake,Sake
Moonshine,Japan,Sake
Moses,Japan,Samurai
Monster Truck,Japan,Godzilla
Japan,Mop,Samurai
Moonstone,Japan,Samurai
Mountain Wine,Japan,Sake
Mountain Tea,Japan,Matcha
Japan,Mud Geyser,Volcano
Mud Puddle,Japan,Sumo
Japan,Multiverse,Anime
Muddy Teapot,Japan,Sumo
Muddy Wine,Japan,Sake
Mud Station,Japan,Tokyo
Muddy Wind Farm,Japan,Fukushima
Japan,Narcissus,Anime
Ninja,Japan,Samurai
Nautilus,Japan,Sushi
Odin,Japan,Samurai
Oil Drum,Japan,Toyota
Oxygen,Japan,Sushi
Painting,Japan,Origami
Paddy,Japan,Rice
Papyrus,Japan,Origami
Japan,Paradise,Tokyo
Periscope,Japan,Submarine
Pea,Japan,Sushi
Pasta,Japan,Ramen
Pearl,Japan,Mikimoto
Pharaoh,Japan,Samurai
Japan,Piglet,Hello Kitty
Pigpen,Japan,Pigpen
Pilot,Japan,Kamikaze
Pickle,Japan,Sushi
Pipe,Japan,Bonsai
Piranha Plant,Japan,Mario
Japan,Plantation,Bonsai
Plantea,Japan,Nippon
Power,Japan,Godzilla
Pterodactyl,Japan,Godzilla
Japan,Port,Tokyo
Prison,Japan,Jail
Pressure,Japan,Earthquake
Pudding,Japan,Sushi
Pufferfish,Japan,Fugu
Quicksand,Japan,Samurai
Japan,Radio,Godzilla
Quasar,Japan,Sushi
Raft,Japan,Sushi
Reflection,Japan,Anime
Japan,Railroad,Bullet Train
Raisin,Japan,Sushi
Romance,Japan,Anime
Japan,Rubber,Origami
Road,Japan,Tokyo
Rings,Japan,Olympics
Roast Duck,Japan,Sushi
Japan,Ruby,Samurai
Ruins,Japan,Samurai
Saint,Japan,Samurai
Salad,Japan,Sushi
Sacrifice,Japan,Seppuku
Salmon,Japan,Sushi
Sand Dragon,Japan,Godzilla
Sand Dunes,Japan,Samurai
Japan,Sandal,Geta
Santa,Japan,Samurai
Japan,Sculpture,Origami
Japan,Sea Dragon,Godzilla
Japan,Sandstone,Samurai
Sea Dandelion,Japan,Seaweed
Japan,Sea Star,Sushi
Japan,Sharktopus,Godzilla
Seaplane,Japan,Kamikaze
Shaman,Japan,Samurai
Sharkicane,Japan,Godzilla
Shrub,Japan,Bonsai
Japan,Smoke Detector,Godzilla
Smoke Signal,Japan,Anime
Smoking,Japan,Vaping
Snowplow,Japan,Snowman
Soda,Japan,Sake
Smurf,Japan,Samurai
Snake,Japan,Samurai
Snowpocalypse,Japan,Tokyo
Space Farm,Japan,Space Station
Sodium,Japan,Sushi
Space Flower,Japan,Sakura
Spaceship,Japan,Anime
Space Weed,Japan,Godzilla
Speed,Japan,Bullet Train
Sperm,Japan,Sushi
Japan,Station,Tokyo
Steam Robot,Japan,Anime
Steam Train,Japan,Bullet Train
Stoned,Japan,Sushi
Sundae,Japan,Sushi
Stonehenge,Japan,Samurai
Stench,Japan,Sushi
Japan,Sunrise,Tokyo
Surge,Japan,Tsunami
Swamp Fire,Japan,Godzilla
Japan,Tarzan,Sumo
Japan,Supercontinent,Pangaea
Japan,Tiamat,Godzilla
Japan,Time Travel,Samurai
Japan,Tesla Tower,Godzilla
Thunderbird,Japan,Raijin
Tomato,Japan,Sushi
Toast,Japan,Sushi
Titan,Japan,Godzilla
Japan,Titanado,Godzilla
Torch,Japan,Godzilla
Japan,Tutankhamun,Samurai
Triton,Japan,Godzilla
Turtle,Japan,Ninja
Trash,Japan,Recycle
Treehouse,Japan,Bonsai
Vatican,Japan,Japan
Valkyrie,Japan,Samurai
Vape,Japan,Anime
Vapor,Japan,Sushi
Vodka,Japan,Sake
Japan,Vesuvius,Mount Fuji
Wax,Japan,Candle
Japan,Wheel,Ramen
Warmth,Japan,Onsen
Whirlpool,Japan,Tsunami
Japan,Whiskey,Sake
Windsurfing,Japan,Sumo
Whistle,Japan,Sumo
Japan,Wish Upon A Star,Wish Upon A Star
Japan,Witch,Geisha
Wolf Pack,Japan,Samurai
Wolfsbane,Japan,Werewolf
Worship,Japan,Shinto
840,Japan,Nothing
Accident,Japan,Tsunami
Absinthe,Japan,Sake
Zephyr Train,Japan,Bullet Train
Zoo,Japan,Tokyo
Japan,Adam,Samurai
Air,Japan,Typhoon
Air Dragon,Japan,Godzilla
Aircraft Carrier,Japan,Godzilla
Air Conditioner,Japan,Cool Japan
Airport,Japan,Tokyo
Albatross,Japan,Kamikaze
Alice,Japan,Anime
Ale,Japan,Sake
Japan,Alpha,Tokyo
Japan,Allergies,Hay Fever
Ammonia,Japan,Sumo
Altar,Japan,Shinto
Alphabet,Japan,Katakana
Japan,Anchor,Tokyo
Japan,Anemone,Sushi
Japan,Ant Hill,Tokyo
Japan,Amphicar,Tsunami
Japan,Amphibian,Pokemon
Apocalypse,Japan,Godzilla
Japan,Apollo,Tokyo
Antelope,Japan,Sushi
Antimatter,Japan,Godzilla
Ash Ketchum,Japan,Pokemon
Apple Orchard,Japan,Apple Pie
Apple Juice,Japan,Sake
Japan,Ares,Samurai
Aquaman,Japan,Anime
Ashes,Japan,Hiroshima
Asteroid,Japan,Godzilla
Astronomer,Japan,Japan
Atlas,Japan,Tokyo
Australia,Japan,Australia
Japan,Aurora,Tokyo
Audrey Iii,Japan,Godzilla
Baby,Japan,Sumo
Japan,Autumn,Maple
Baked,Japan,Sushi
Baby Dinosaur,Japan,Godzilla
Bahamut,Japan,Final Fantasy
Barbecue Sauce,Japan,Teriyaki
Barrel,Japan,Sake
Japan,Bathtub,Ofuro
Battle,Japan,Samurai
Batter,Japan,Sushi
Battlefield,Japan,Samurai
Bigfoot,Japan,Yeti
Biofuel,Japan,Godzilla
Beanstalk,Japan,Godzilla
Balsamic Glaze,Japan,Sushi
Bjork,Japan,Harajuku
Blow,Japan,Godzilla
Japan,Black Sand,Ninja
Japan,Blood Moon,Samurai
Black Lily,Japan,Tokyo
Black Pearl,Japan,Pearl Harbor
Blowgun,Japan,Ninja
Japan,Blowtorch,Godzilla
Blowhole,Japan,Godzilla
Japan,Blowfish,Sushi
Blueprint,Japan,Origami
Boom,Japan,Godzilla
Japan,Boston Tea Party,Tea
Bone,Japan,Samurai
Japan,Bodhi,Zen
Burning Zeppelin,Japan,Hiroshima
Brontosaurus,Japan,Godzilla
Burning Monster Truck,Japan,Godzilla
Japan,Breakup,Tsunami
Bunny,Japan,Hello Kitty
Burnt Toast,Japan,Godzilla
Japan,CB,Anime
Japan,Butter,Sushi
Cactea,Japan,Samurai
Caduceus,Japan,Snake
Japan,Calendar,Japan
Japan,Captain Hook,Captain Japan
Japan,Carnation,Hello
Car Wash,Japan,Car Wash
Japan,Carpathian,Dracula
Castle in the Sky,Japan,Laputa
Cat,Japan,Maneki Neko
Carnival,Japan,Matsuri
Cash,Japan,Yen
Cathedral,Japan,Shinto
Cedar,Japan,Bonsai
Japan,Celebration,Cherry Blossom
Chainsaw,Japan,Samurai
Japan,Chalk,Sumo
Cheese Wheel,Japan,Sushi
Chameleon,Japan,Ninja
Cherry Blossom,Japan,Sakura
Japan,Cherry,Sakura
Japan,Chili Pepper,Wasabi
Japan,Chicken Noodle Soup,Ramen
Japan,Chess,Shogi
Chia Pet,Japan,Bonsai
Japan,Cheshire Cat,Hello Kitty
Chip,Japan,Sushi
Chocolate Milk,Japan,Pokemon
Japan,Choopper,Ramen
China,Japan,War
Chocolate,Japan,KitKat
Japan,Cleanest,Tokyo
Clean Teapot,Japan,Tea
Cleaning,Japan,Nothing
Clockpunk,Japan,Steampunk
Cloud Castle,Japan,Tokyo
Japan,Cloth,Kimono
Cloud Train,Japan,Bullet Train
Cloud Trap,Japan,Godzilla
Clog,Japan,Geta
Japan,Cocaine,Yakuza
Coconut Water,Japan,Sake
Coffee,Japan,Vending Machine
Coconut Milkshake,Japan,Pokemon
Cognac,Japan,Suntory
Coke,Japan,Suntory
Colorado,Japan,Nothing
Japan,Cologne,Tokyo
Japan,Colony,Tokyo
Cooking,Japan,Sushi
Japan,Communion,Sushi
Combine,Japan,Sushi
Constellation,Japan,Tokyo
Cool,Japan,Anime
Corkscrew,Japan,Samurai
Cornfield,Japan,Ninja
Cork,Japan,Sushi
Cosmos,Japan,Anime
Cotton Candy,Japan,Kawaii
Count,Japan,Samurai
Cowboy,Japan,Samurai
Japan,Cottonseed,Kimono
Couch,Japan,Sumo
Crab King,Japan,Godzilla
Japan,Crayonado,Godzilla
Crayfish,Japan,Sushi
Crabgrass,Japan,Samurai
Japan,Crack,Earthquake
Crop Duster,Japan,Godzilla
Cruise,Japan,Godzilla
Crispy,Japan,Tempura
Cruise Ship,Japan,Titanic
Cross,Japan,Samurai
Crumb,Japan,Sushi
Japan,Crystal Ball,Pokemon
Japan,Crypt,Ninja
Japan,Cthulhu,Kaiju
Cybernetic,Japan,Japan
Curse,Japan,Godzilla
Cucumber,Japan,Sushi
Cup,Japan,Tea
Japan,Cut,Samurai
Cybertron,Japan,Transformers
Cygnus,Japan,Tokyo
Japan,Daddy,Samurai
Daffodil,Japan,Sakura
Dagger,Japan,Samurai
Dalai Lama,Japan,Buddha
Damn,Japan,Nothing
Japan,Dandelight,Samurai
Dandelion Soup,Japan,Ramen
Japan,Dark Side,Anime
Death Star,Japan,Godzilla
Date Palm,Japan,Samurai
Darkness,Japan,Tokyo
Japan,Derail,Train
Demon,Japan,Oni
Diamond Sword,Japan,Samurai
Dessert,Japan,Sushi
Dionysus,Japan,Sake
Dinner,Japan,Sushi
Direction,Japan,Tokyo
Japan,Dirt Bike,Ninja
Japan,Discovery,Samurai
Japan,Dandelion Weed,Dandelion Weed
Don Quixote,Japan,Samurai
Japan,Djinn,Samurai
Double Rainbow,Japan,Godzilla
Dragon Fruit,Japan,Samurai
Dragon Tornado,Japan,Godzilla
Japan,Dragon Trap,Godzilla
Japan,Drunken,Sake
Japan,Drunken Dragon,Godzilla
Japan,Driving,Drifting
Japan,Druid,Samurai
Dry,Japan,Desert
Drunken Master,Japan,Samurai
Dump,Japan,Trash
Duck Sauce,Japan,Katsu
Japan,Dustbuster,Godzilla
Japan,Dune Buggy,Toyota
Dustover,Japan,Tokyo
Dust Allergy,Japan,Hay Fever
Dust Weed,Japan,Bonsai
Japan,Dyson,Vacuum
Easter,Japan,Sushi
Japan,Electric Car,Toyota
Edelweiss,Japan,Sakura
Electric Teapot,Japan,Techno
Japan,Electric Train,Bullet Train
Japan,Elon Musk,Anime
Ent,Japan,Kaiju
Emperor,Japan,Samurai
Factory,Japan,Toyota
Eye,Japan,Anime
Japan,Fairy Tale,Anime
Excalibur,Japan,Katana
Evil,Japan,Anime
Fault,Japan,Earthquake
Japan,Feather,Samurai
Fanatic,Japan,Samurai
Feed,Japan,Sushi
Ferry,Japan,Bullet Train
Japan,Fire Axe,Samurai
Fighter,Japan,Samurai
Fire Duck,Japan,Anime
Fire Cone,Japan,Volcano
Japan,Fire Engine,Godzilla
Fire Ski,Japan,Kamikaze
Japan,Fire Fire Trap,Godzilla
Fire Lily,Japan,Sakura
Japan,Fire Ghost,Godzilla
Fire Storm,Japan,Godzilla
Fire Water,Japan,Ramen
Japan,Fire Tree,Sakura
Fire Submarine,Japan,Godzilla
Fire Whirl,Japan,Godzilla
Japan,FireFox,Firefox
Japan,Firekraken,Godzilla
Fireplane,Japan,Godzilla
Japan,Fire Weed,Godzilla
Fish Soup,Japan,Sushi
Japan,Fishing Pole,Sushi
Firewall,Japan,Samurai
Japan,Fishstick,Sushi
Flambé,Japan,Sushi
Flame Sword,Japan,Samurai
Flat Rock,Japan,Sumo
Japan,Flat Road,Tokyo
Flip Flop,Japan,Geisha
Japan,Flash,Godzilla
Flowerpot,Japan,Bonsai
Flying Fish Sushi,Japan,Sushi
Flu,Japan,Flu
Flying Fisherman,Japan,Sushi
Flying Machine,Japan,Kamikaze
Flying Frog,Japan,Ninja
Flying Ice Cream Cone,Japan,Anime
Japan,Flying Roast Duck,Kamikaze
Japan,Flying Plant,Kamikaze
Flypaper,Japan,Samurai
Flying Whale,Japan,Godzilla
Japan,Flytrap,Venus Flytrap
Fondue,Japan,Sukiyaki
Forest Fire,Japan,Godzilla
Frank Herbert,Japan,Dune
Freedom,Japan,Samurai
Frankenstein,Japan,Godzilla
Japan,Freezer,Sushi
Frosting,Japan,Anime
Japan,Frozen,Sushi
Frisbee,Japan,Frisbee
Fruit Fly,Japan,Sushi
Japan,Fulgurite,Godzilla
GPS,Japan,Tokyo
Fun,Japan,Anime
Japan,Future,Robot
Garbage Truck,Japan,Godzilla
Garbage,Japan,Recycling
Garnet,Japan,Samurai
Gas,Japan,Godzilla
Japan,Gate,Tokyo
Gasoline,Japan,Boom
Glass Slipper,Japan,Geisha
Gator,Japan,Sumo
Ghost Ship,Japan,Godzilla
Japan,Giant Dandelion,Godzilla
Geothermal Power Plant,Japan,Fukushima
Glasser,Japan,Nothing
Gnome Village,Japan,Tokyo
Glue,Japan,Origami
Japan,Goblin,Samurai
Gold,Japan,Samurai
Gollum,Japan,Pokemon
Gone With The Wind,Japan,Godzilla
Japan,Googleplex,Tokyo
Google Earth,Japan,Google Japan
Japan,Gosling,Godzilla
Googol,Japan,Tokyo
Japan,Gorgon,Medusa
Japan,Great Wall Of China,China Town
Greatsword,Japan,Samurai
Japan,Grinder,Sushi
Guillotine,Japan,Samurai
Japan,Green,Ninja
Gun,Japan,Samurai
Japan,Gunpowder,Kaboom
Japan,Hades,Tokyo
Hack,Japan,Samurai
Hair,Japan,Samurai
Hail,Japan,Rice
Japan,Haunted House,Japan
Japan,Hash,Sushi
Harbor,Japan,Tokyo
Harvest,Japan,Rice
Japan,Hashish,Tokyo
Heat,Japan,Ramen
Japan,Haystack,Godzilla
Heart,Japan,Anime
Japan,Hearth,Samurai
Headache,Japan,Tylenol
Heaven,Japan,Tokyo
Hidden,Japan,Ninja
Heidi,Japan,Sushi
Japan,Hell,Tokyo
Japan,Hill,Mount Fuji
Japan,Hippie,Samurai
Holland,Japan,Tulip
Highway,Japan,Tokyo
Hieroglyph,Japan,Kanji
Holy Beer,Japan,Sake
Japan,Holy Dandelion Wine,Sake
Japan,Holy Drunk,Samurai
Holy Smoke,Japan,Kamikaze
Holy Weed,Japan,Rastafarian
Hoover Dam,Japan,Godzilla
Honeymoon,Japan,Honeymoon in Japan
Horse,Japan,Samurai
Holy Dandelion,Japan,Kamikaze
Japan,Hot Dog,Sushi
Hot Chocolate,Japan,Matcha
Japan,Hot,Tokyo
Hot Fudge Sundae,Japan,Mt. Fuji
Hot Air,Japan,Godzilla
Hot Water,Japan,Tea
Japan,Hula Hoop,Sumo
Hot Tub,Japan,Onsen
Hot Sauce,Japan,Wasabi
Hot Tea,Japan,Matcha
Hydrogen,Japan,Hydrogen Bomb
Hula-Tsunami,Japan,Fukushima
Hydra,Japan,Godzilla
Ice Age,Japan,Samurai
Ice Tornado,Japan,Godzilla
Ice Dragon,Japan,Godzilla
Ice Lily,Japan,Sushi
Ice Fishing,Japan,Sushi
Japan,Ice Cream Sandwich,Mochi
Japan,Icebox,Sushi
Igloo,Japan,Eskimo
Idol,Japan,Sumo
Japan,Internet,Anime
Ink,Japan,Manga
Iron Man,Japan,Gundam
Japan,Irrigation,Rice
Japan,Jack,Samurai
Jail,Japan,Samurai
Jaws,Dust,T-Rex
Jaws,Dandelion,Lion
Engine,Jaws,Chainsaw
Janitor,Japan,Ninja
Jaws,Ash,Shark
Jaws,Mud,Crocodile
Jaws,Sandstorm,Sharknado
Sand,Jaws,Sandwich
Jaws,Tree,Shark
Bog,Jaws,Swamp
Jaws,Fjord,Shark
Jaws,Dandelion Patch,Dandelion
Boulder,Jaws,Rock
Desert,Jaws,Shark
Jaws,Marsh,Swamp
Lightning,Jaws,Shark
Jaws,Flower,Venus Flytrap
Jaws,Leaf,Shark
Jaws,Island,Shark
Pollen,Jaws,Bee
Jaws,Mist,Fog
Jaws,Moon,Shark
Jaws,Rock,Shark
Jaws,Snow,Shark
Jaws,Surf,Shark
Allergy,Jaws,Shark
Blade,Jaws,Shark
Balloon,Jaws,Shark
Chai,Jaws,Shark
Jaws,Car,Shark
Jaws,Dirt,T-Rex
Bong,Jaws,Shark
Jaws,Blizzard,Snowman
Jaws,Frost,Shark
Jaws,Disaster,Sharknado
Eclipse,Jaws,Shark
Jaws,Garden,Venus Flytrap
Galaxy,Jaws,Shark
Jaws,Honey,Bear
Jaws,Geysir,Whale
Jet,Jaws,Shark
Iceberg,Jaws,Titanic
Lotus,Jaws,Shark
Jaws,Lens,Camera
Loch Ness Monster,Jaws,Sharktopus
Jaws,Lighthouse,Shark
Locomotive,Jaws,Shark Train
Mirage,Jaws,Shark
Pencil,Jaws,Shark
Pond,Jaws,Shark
Rebirth,Jaws,Shark
Jaws,Pyramid,Tomb
Jaws,Seeds,Shark
Jaws,Ship,Titanic
Jaws,Snowman,Frostbite
Solar,Jaws,Sun
Titanic,Jaws,Shark
Jaws,Statue,Shark
Train Station,Jaws,Shark
Submarine,Jaws,Shark
Jaws,Steamboat,Shark
Vine,Jaws,Grape
Jaws,Vacuum,Shark
Werewolf,Jaws,Land Shark
Whale,Jaws,Shark
Jaws,Wish,Shark
Algae,Jaws,Shark
Jaws,Alien,Predator
Alligator,Jaws,Crocodile
Jaws,Zephyr,Shark
Barbecue,Jaws,Shark
Jaws,Amber,T-Rex
Book,Jaws,Shark
Beacon,Jaws,Lighthouse
Apple,Jaws,Bite
Jaws,Bubbles,Shark
Bouquet,Jaws,Shark
Jaws,Bulldozer,Shark
Jaws,Canyon,Shark
Candle,Jaws,Shark
Captain Nemo,Jaws,Shark
Jaws,Castle,Shark
Jaws,Christmas Tree,Shark
Jaws,Cigar,Shark
Jaws,Crash,Shark
Jaws,Crystal,Shark
Jaws,Coral Reef,Shark
Cough,Jaws,Shark
Jaws,Coconut,Shark
Jaws,Diamond Block,Shark
Date,Jaws,Shark
Curtain,Jaws,Shark
Dandelion Wine,Jaws,Dandelion Wine
Jaws,Drawing,Shark
Drunk,Jaws,Shark
Jaws,Fire Flower,Fire Breath
Fence,Jaws,Shark
Jaws,Field,Corn
Firebird,Jaws,Phoenix
Fireball,Jaws,Dragon
Jaws,Fire Station,Fire Truck
Jaws,Fire Trap,Fire Trap
Fire Tornado,Jaws,Fire Breath
Jaws,Fireplace,Fireplace
Jaws,Firework,Shark
Flour,Jaws,Shark
Jaws,Flood,Sharknado
Jaws,Genie,Shark
Jaws,Geothermal,Shark
Jaws,Grass,Lawnmower
Jaws,Hot Air Balloon,Shark
Giant Mushroom,Jaws,Mario
Jaws,Leviathan,Shark
Hot Spring,Jaws,Shark
Kettle,Jaws,Shark
Jaws,Komodo Dragon,Megalodon
Jetpack,Jaws,Shark
Jaws,Life,Shark
Lunar Eclipse,Jaws,Sharknado
Magnifying Glass,Jaws,Shark
Jaws,Lily Pad,Crocodile
Lotus Flower,Jaws,Buddha
Jaws,Mangrove,Crocodile
Microscope,Jaws,Shark
Meade,Jaws,Shark
Jaws,Meteor,Sharknado
Oil,Jaws,Shark
Nessie,Jaws,Shark
Jaws,Nebula,Black Hole
Jaws,Mudslide,Sharknado
Milky Way,Jaws,Black Hole
Onyx,Jaws,Shark
Palm,Jaws,Shark
Jaws,Pangaea,Shark
Jaws,Paper Boat,Shark
Jaws,Park,Shark
Penguin,Jaws,Penguin
Jaws,Party,Shark
Pompeii,Jaws,Sharknado
Jaws,Plane,Shark
Prickly Pear,Jaws,Cactus
Ring,Jaws,Shark
Popcorn,Jaws,Movie
Pop,Jaws,Shark
Jaws,Rose,Thorns
Jaws,Rover,Shark
Jaws,Salt,Shark
Jaws,Salamander,Shark
Jaws,Sandbox,Sandshark
Jaws,Sauna,Shark
Scent,Jaws,Shark
Jaws,Smoker,Shark
Jaws,Sneeze,Shark
Snowball,Jaws,Snowman
Jaws,Snowstorm,Sharknado
Spirit,Jaws,Shark
Splash,Jaws,Shark
Jaws,Space Plant,Venus Flytrap
Space Station,Jaws,Space Jaws
Jaws,Super Volcano,Sharkcano
Jaws,Supernova,Black Hole
Sword,Jaws,Shark
System,Jaws,Shark
Jaws,Swamp Thing,Swamp Jaws
Jaws,Telescope,Shark
Jaws,Tesla,Shark
Jaws,Tea Party,Tea Party
Teacup,Jaws,Shark
Time,Jaws,Shark
Jaws,Time Machine,Sharknado
Town,Jaws,Shark
Tunnel,Jaws,Shark
Jaws,Tumbleweed,Sharknado
Vampire,Jaws,Dracula
UFO,Jaws,Alien
Jaws,Venus,Shark
Vaporizer,Jaws,Shark
Jaws,Weather,Sharknado
Winery,Jaws,Wine
Jaws,Yeti,Sharktopus
Jaws,420,Shark
Jaws,Acid,Piranha
Ariel,Jaws,Mermaid
Jaws,America,Shark
Jaws,Ant,Antman
Amoeba,Jaws,Shark
Jaws,Apple Tree,Apple
Audrey II,Jaws,Little Shop Of Horrors
Astronaut,Jaws,Space Shark
Jaws,Bacteria,Disease
Art,Jaws,Shark
Jaws,Aztec,Shark
Balsamic Vinegar,Jaws,Shark
Battleship,Jaws,Shark
Beach House,Jaws,Shark
Barley,Jaws,Beer
Jaws,Big Bang,Sharknado
Jaws,Beef Bourguignon,Shark
Beehive,Jaws,Honey
Jaws,Big Dipper,Shark
Jaws,Bear,Grizzly
Birthday,Jaws,Shark
Jaws,Blood,Shark
Blowout,Jaws,Shark
Jaws,Black,Shark
Jaws,Blind,Shark
Jaws,Bonfire,Shark
Jaws,Bookshelf,Library
Boiling Frog,Jaws,Boiling Jaws
Jaws,Bonsai,Tree Shark
Bottle Rocket,Jaws,Sharknado
Jaws,Brew,Beer
Jaws,Broomstick,Shark
Broken,Jaws,Shark
Jaws,Brine,Shark
Bullet,Jaws,Shark
Jaws,Canal,Venice
Cannonball,Jaws,Shark
Jaws,Carnivore,Shark
Jaws,Champagne,Shark
Jaws,Chicken,Chicken Nuggets
Jaws,Chili,Chili Dog
Jaws,Cheese,Mouse Trap
Jaws,Choo Choo,Train
Jaws,Church,Shark
Jaws,Cleaner,Shark
Cider,Jaws,Shark
Cigar Box,Jaws,Shark
Jaws,Cinderella,Cinderella Man
Clock,Jaws,Shark
Coconut Milk,Jaws,Shark
Jaws,Clockwork,Shark
Jaws,Cloud Station,Cloud Station
Jaws,Coconut Tree,Coconut
Jaws,Computer,Shark
Jaws,Cotton,Shark
Corn,Jaws,Popcorn
Jaws,Colored Pencil,Shark
Jaws,Cure,Shark
Crown,Jaws,Shark
Jaws,Cow,Shark
Jaws,Crab,Lobster
Crop Circle,Jaws,Crop Circle
Curiosity,Jaws,Shark
Jaws,Dandelion Tea,Dandelion Tea
Cyborg,Jaws,Shark
Dating,Jaws,Shark
Jaws,Dog,Shark
Jaws,Dust Trap,Vacuum
Jaws,Dracula,Vampire
Jaws,Duck and Cover,Duck Hunt
Dough,Jaws,Donut
Dwarf,Jaws,Gimli
Dynamite,Jaws,Shark
Jaws,Eden,Shark
Eagle,Jaws,Shark
Dutch,Jaws,Tuna
Egg,Jaws,Shark
Emulsion,Jaws,Shark
Engagement,Jaws,Shark
Elf,Jaws,Legolas
Egypt,Jaws,Mummy
Jaws,Enlightenment,Buddha
Fanboy,Jaws,Shark
Jaws,Everest,Mt. Everest
Eraser,Jaws,Shark
Jaws,Fire Balloon,Fire Breath
Fire Plant,Jaws,Venus Flytrap
Jaws,Fenghuang,Phoenix
Fire Breathing Dragon,Jaws,Fire Breathing Shark
Jaws,Fertilizer,Shark
Jaws,Fire Truck,Fire
Fire Venus,Jaws,Fire Venus
Jaws,Fire Swamp,Fire Swamp
Firefighter,Jaws,Fire
Firefly,Jaws,Firejaws
Flat Earth,Jaws,Shark
Flock,Jaws,Sheep
Jaws,Flying Dust,Dragon
Jaws,Flying Car,Flying Shark
Food,Jaws,Shark
Frosty,Jaws,Shark
Fragrance,Jaws,Shark
Jaws,Flying Pig,Flying Shark
Jaws,Foggy Ghost,Foggy Ghost
Fuel,Jaws,Shark
Jaws,Fungus,Shark
Jaws,Gem,Diamond
Jaws,Geothermal Plant,Sharknado
Jaws,Funnel Cake,Shark
Jaws,Gnome,Gnome
Jaws,Google,Google Shark
Goose,Jaws,Gator
Jaws,Grand Canyon,Shark
Jaws,Hellhound,Cerberus
Jaws,Hive,Bee
Head,Jaws,Shark
Himalayas,Jaws,Yeti
Hermit,Jaws,Shark
Hobbit,Jaws,Gollum
Jaws,Holy Spirit,Shark
Jaws,Hydroelectric,Shark
Jaws,Human,Shark
Jaws,Holy Grail,Shark
Jaws,Illusion,Shark
Jaws,Inquisition,Shark
Jaws,Jesus,Shark
Jaws,Ivy,Nothing
Jaws,Krakken,Shark
Jaws,Krill,Whale
Ketchup,Jaws,Shark
Jaws,Jupiter,Shark
Joint,Jaws,Shark
Lagoon,Jaws,Shark
Jaws,Landship,Tank
Landfill,Jaws,Shark
Lamp,Jaws,Genie
Jaws,Landing,Shark
Jaws,Library,Shark
Jaws,Log,Shark
Jaws,Lawn,Shark
Light,Jaws,Laser
Jaws,Love,Shark
Jaws,Mad Hatter,Cheshire Cat
Jaws,Lost,Shark
Jaws,Lung,Shark
Magma,Jaws,Volcano
Jaws,Mangrove Forest,Crocodile
Meteor Shower,Jaws,Sharknado
Meteorite,Jaws,Sharknado
Medusa,Jaws,Sharktopus
Metro,Jaws,Subway
Jaws,Milk,Shark
Jaws,Milkshake,Shark
Jaws,Monk,Shark
Monster,Jaws,Shark
Jaws,Moon Mountain,Shark
Monkey,Jaws,King Kong
Jaws,Monster Truck,Shark Truck
Jaws,Mop,Shark
Mountain Tea,Jaws,Mountain Dew
Jaws,Mountain Wine,Shark
Mud Puddle,Jaws,Crocodile
Muddy Teapot,Jaws,Shark
Muddy Wind Farm,Jaws,Sharknado
Jaws,Mire,Swamp
Muddy Wine,Jaws,Shark
Jaws,Mudweed,Piranha Plant
Jaws,Multiverse,Sharknado
Mountain Tornado,Jaws,Sharknado
Olympus,Jaws,Zeus
Nautilus,Jaws,Submarine
Old Faithful,Jaws,Sharknado
Jaws,Ninja,Shark
Jaws,Olympus Mons,Sharktopus
Oxygen,Jaws,Shark
Paddy,Jaws,Shark
Jaws,Palace,Shark
Papyrus,Jaws,Shark
Oven,Jaws,Shark
Jaws,Paradise,Shark
Periscope,Jaws,Submarine
Pea,Jaws,Shark
Pharaoh,Jaws,Tutankhamun
Jaws,Piglet,Hamlet
Pine,Jaws,Pineapple
Pirate Ship,Jaws,Shark
Jaws,Plantation,Cotton
Piranha Plant,Jaws,Piranha
Pork,Jaws,Bacon
Potato,Jaws,Chip
Plantea,Jaws,Shark
Pope,Jaws,Shark
Power,Jaws,Shark
Jaws,Prison,Shark
Pressure,Jaws,Shark
Jaws,Priest,Shark
Pterodactyl,Jaws,Megalodon
Jaws,Radio,Radiohead
Pudding,Jaws,Shark
Jaws,Rainbow Trout,Shark
Pufferfish,Jaws,Shark
Raisin,Jaws,Grape
Rally,Jaws,Shark
Reflection,Jaws,Shark
Resin,Jaws,Amber
Rings,Jaws,Sharknado
Rice Field,Jaws,Shark
Road,Jaws,Shark
Jaws,Roast Duck,Duck Sauce
Jaws,Romance,Sharknado
Jaws,Ruby,Shark
Sacrifice,Jaws,Shark
Sake,Jaws,Shark
Saint,Jaws,Shark
Jaws,Ruins,T-Rex
Rust,Jaws,Tetanus
Jaws,Salmon,Shark
Salt Lick,Jaws,Shark
Sand Dunes,Jaws,Shark
Sand Dragon,Jaws,Sand Shark
Jaws,Sandstone,Shark
Jaws,Sandwich,Shark
Seaplane,Jaws,Shark
Jaws,Sea Star,Shark
Sea Dandelion,Jaws,Seaweed
Jaws,Shards,Shark
Jaws,Shrub,Bush
Sink,Jaws,Shark
Jaws,Singularity,Black Hole
Shaman,Jaws,Shark
Siren,Jaws,Shark
Sky Castle,Jaws,Sharknado
Smoking,Jaws,Shark
Jaws,Smoke Signal,Shark
Jaws,Smoke Detector,Shark
Jaws,Snowboard,Shark
Jaws,Snowflake,Shark
Jaws,Snowpocalypse,Sharknado
Jaws,Space Farm,Space Jaws
Squid,Jaws,Kraken
SpongeBob,Jaws,Spongebob Squarepants
Jaws,Station,Train
Jaws,Steam Dragon,Steam Shark
Jaws,Sperm,Shark
Jaws,Steam Train,Sharknado
Stoned,Jaws,Shark
Jaws,Sundae,Shark
Jaws,Stonehenge,Sharkhenge
Jaws,Sunrise,Shark
Jaws,Swamp Fire,Swamp Thing
Surge,Jaws,Shark
Jaws,Supercontinent,Pangea
Jaws,Tadpole,Shark
Jaws,Tidal Wave,Sharknado
Jaws,Tarzan,Shark
Jaws,Tiamat,Sharktopus
Tatooine,Jaws,Shark
Jaws,Time Travel,Sharknado
Toast,Jaws,Shark
Tornado Fish,Jaws,Sharknado
Tomato,Jaws,Ketchup
Jaws,Toxic Waste,Shark
Jaws,Trash,Shark
Jaws,Treasure Map,Pirate
Vape,Jaws,Shark
Treehouse,Jaws,Tarzan
Jaws,Valkyrie,Sharknado
Vatican,Jaws,Sharknado
Jaws,Wax,Shark
Jaws,Vodka,Shark
Jaws,Wet,Shark
Jaws,Vesuvius,Sharkcano
Jaws,Wheel,Chainsaw
Jaws,Whiskey,Shark
Jaws,Whirlpool,Shark
Windshield,Jaws,Shark
Jaws,Wish Upon A Star,Sharknado
Jaws,Wormhole,Time Travel
Yacht,Jaws,Shark
Jaws,Zephyr Train,Sharknado
Jaws,Wolfsbane,Werewolf
Jaws,Adam,Shark
Zeus,Jaws,Shark
Aeon,Jaws,Shark
840,Jaws,Shark
Absinthe,Jaws,Green Fairy
Jaws,Air,Shark
Jaws,Africa,Shark
Jaws,Air Conditioner,Shark
Air Dragon,Jaws,Air Shark
Airport,Jaws,Shark
Alice,Jaws,Mad Hatter
Jaws,Ale,Shark
Albatross,Jaws,Shark
Jaws,Allergies,Shark
Jaws,Ammolite,Shark
Ammonia,Jaws,Shark
Jaws,Alphabet,Shark
Jaws,Alpha,Omega
Jaws,Amphibian,Frog
Amphibious Car,Jaws,Shark
Jaws,Anchor,Shark
Jaws,Amphicar,Shark
Jaws,Animal,Shark
Antimatter,Jaws,Black Hole
Ape,Jaws,King Kong
Jaws,Apollo,Shark
Jaws,Apple Juice,Shark
Jaws,Antelope,Shark
Arrow,Jaws,Shark
Jaws,Apple Orchard,Apple Pie
Jaws,Ark,Shark
Jaws,Ash Ketchum,Pokemon
Jaws,Ares,Shark
Jaws,Aurora,Shark
Australia,Jaws,Shark
Jaws,Ashes,Phoenix
Asteroid,Jaws,Meteor
Jaws,B-52,Sharknado
Jaws,Baby Dinosaur,T-Rex
Baby,Jaws,Shark
Jaws,Baconator,Shark
Jaws,Autumn,Shark
Jaws,Baked,Cookie
Jaws,Bahamut,Leviathan
Balsamic Vinegar of Modena,Jaws,Shark
Barbecue Sauce,Jaws,Shark
Barrel,Jaws,Shark
Jaws,Batman,Shark
Jaws,Bathtub,Shark
Jaws,Battlefield,Shark
Beanstalk,Jaws,Jack
Birthday Cake,Jaws,Shark
Jaws,Bjork,Shark
Black Lily,Jaws,Black Rose
Battle Axe,Jaws,Battle Shark
Jaws,Black Sand,Shark
Jaws,Black Pearl,Pirates of the Caribbean
Blimp,Jaws,Shark
Blow,Jaws,Whistle
Jaws,Blowfish,Pufferfish
Jaws,Blowtorch,Shark
Jaws,Blueprint,Shark
Blowgun,Jaws,Dart
Jaws,Balsamic Glaze,Vinegar
Jaws,Bone,Shark
Jaws,Bodhi,Shark
Jaws,Boom,Shark
Jaws,Brontosaurus,Dinosaur
Jaws,Breakup,Shark
Jaws,Bull,Shark
Jaws,Burning Zeppelin,Sharknado
Jaws,CB,Shark
Jaws,Butter,Butterfly
Bunny,Jaws,Rabid
Burning Monster Truck,Jaws,Shark Truck
Jaws,Cactea,Cactus
Jaws,Calamari,Squid
Jaws,Captain Hook,Piranha
Caduceus,Jaws,Snake
Jaws,Calendar,Shark Week
Jaws,Car Wash,Shark Tank
Jaws,Carnation,Shark
Jaws,Carnival,Shark
Jaws,Carpathian,Dracula
Castle in the Sky,Jaws,Nothing
Jaws,Cathedral,Shark
Cedar,Jaws,Shark
Cash,Jaws,Shark
Jaws,Cat,Shark
Jaws,Celebration,Shark Week
Chainsaw,Jaws,Shark
Jaws,Cerberus,Shark
Jaws,Cemetery,Shark
Jaws,Chalk,Shark
Jaws,Chameleon,Lizard
Cheese Wheel,Jaws,Mouse Trap
Cherry Blossom,Jaws,Sakura
Jaws,Cherry,Shark
Jaws,Cheshire Cat,Smile
Jaws,Chicken Noodle Soup,Chicken of the Sea
Jaws,Chia Pet,Chum
Chicken of the Sea,Jaws,Tuna
Jaws,Chili Pepper,Hot Dog
Chip,Jaws,Shark
China,Jaws,Chow
Jaws,Chocolate Milk,Shark
Jaws,Clockpunk,Shark
Clean Teapot,Jaws,Tea
Clog,Jaws,Wooden Leg
Jaws,Cloth,Shark
Jaws,Cloud Castle,Cloud Castle
Jaws,Coconut Water,Shark
Jaws,Cloud Trap,Shark
Jaws,Cocaine,Shark
Coconut Milkshake,Jaws,Shark
Coke,Jaws,Shark
Jaws,Coin,Shark
Coffee,Jaws,Shark
Jaws,Cologne,Shark
Jaws,Colony,Atlantis
Jaws,Colorado,Sharknado
Jaws,Combine,Shark
Jaws,Communion,Shark
Constellation,Jaws,Shark
Condor,Jaws,Vulture
Cork,Jaws,Shark
Corkscrew,Jaws,Shark
Cool,Jaws,Shark
Cooking,Jaws,Shark
Jaws,Chili Mushroom,Chili Mushroom
Cornfield,Jaws,Corn
Cosmos,Jaws,Shark
Jaws,Cottonseed,Cottonmouth
Jaws,Cotton Candy,Shark
Couch,Jaws,Shark
Count,Jaws,Dracula
Jaws,Cough Syrup,Shark Tale
Cowboy,Jaws,Cowshark
Jaws,Crab King,Crabzilla
Jaws,Crack,Shark
Crayfish,Jaws,Lobster
Jaws,Cross,Shark
Jaws,Crispy,Shark
Cruise Ship,Jaws,Titanic
Jaws,Crayonado,Crayon Shark
Crumb,Jaws,Cookie Monster
Cup,Jaws,Shark
Jaws,Crypt,Shark
Jaws,Cthulhu,Cthulhu
Cupid,Jaws,Shark
Curse,Jaws,Shark
Jaws,Cut,Shark
Cybernetic,Jaws,Shark
Jaws,Cybertron,Megatron
Daffodil,Jaws,Venus Flytrap
Jaws,Daffy,Duck
DNA,Jaws,Shark
Jaws,Cygnus,Swan
Jaws,Daddy,Shark
Dalai Lama,Jaws,Nothing
Damn,Jaws,Shark
Jaws,Dandelight,Dandelion
Jaws,Dandelion Island,Dandelion Island
Jaws,Dandelion Roll,Dandelion Roll
Jaws,Dark Side,Shark
Darkness,Jaws,Shark
Jaws,Dandylion,Dandylion
Jaws,Dandelion Weed,Dandelion Lion
Jaws,Diamond Sword,Shark
Dessert,Jaws,Cake
Death Star,Jaws,Death Jaws
Demon,Jaws,Shark
Date Palm,Jaws,Palm Tree
Jaws,Dionysus,Wine
Jaws,Djinn,Genie
Jaws,Discovery,Shark
Jaws,Dirt Bike,Dirt Shark
Dinner,Jaws,Shark
Don Quixote,Jaws,Shark
Double Rainbow,Jaws,Double Rainbow Shark
Dragon Roll,Jaws,Shark
Jaws,Dragon Tornado,Sharknado
Jaws,Dragon Trap,Nothing
Jaws,Dry,Shark
Jaws,Drunken Dragon,Dragon
Jaws,Driving,Shark
Jaws,Drunken,Shark
Duck Sauce,Jaws,Duck Sauce
Dump,Jaws,Shark
Jaws,Dune Buggy,Sand Shark
Duck And Cover,Jaws,Duck Hunt
Dust Allergy,Jaws,Sneeze
Dustover,Jaws,Dustbuster
Jaws,Dust Weed,Dust Bunny
Jaws,Dyson,Vacuum
Jaws,Dusty,Shark
Easter,Jaws,Shark
Jaws,Ecosystem,Shark
Jaws,Edelweiss,Shark
Jaws,Electric Car,Tesla
Jaws,Echo,Shark
Jaws,Electric Teapot,Electric Eel
Jaws,Elon Musk,Shark
Jaws,Electric Engine,Shark
Jaws,Emperor,Shark
Jaws,Electric Train,Shark
Jaws,Ent,Shark
Jaws,Europe,Shark
Evil,Jaws,Shark
Jaws,Excalibur,Shark
Fanatic,Jaws,Shark
Factory,Jaws,Shark
Jaws,Fairy Tale,Shark
Eye,Jaws,Shark
Family,Jaws,Shark
Jaws,Fault,Earthquake
Jaws,Feather,Bird
Jaws,Ferry,Shark
Finland,Jaws,Nokia
Jaws,Fighter,Shark
Jaws,Fire Dragon,Dragon
Fire Duck,Jaws,Fire Duck
Fire Cone,Jaws,Volcano
Jaws,Fire Engine,Fire Breathing Dragon
Fire Submarine,Jaws,Shark
Jaws,Fire Ghost,Fire Breath
Fire Lily,Jaws,Venus Flytrap
Jaws,Fire Ski,Fire Jaws
Jaws,Fire Water,Fire Hydrant
Jaws,Fire Weed,Fire Breath
Fire Whirl,Jaws,Fire Breath
Jaws,Fire Tree,Dragon
Jaws,Firewall,Firewall
Jaws,Fireplane,Sharknado
Jaws,Firekraken,Firekraken
Jaws,FireFox,Firefox
Jaws,Fish Soup,Shark
Jaws,Fire Fire Trap,Fire Trap
Jaws,Fjord Flytrap,Venus Flytrap
Jaws,Flat Road,Shark
Jaws,Fishing Pole,Shark
Flambé,Jaws,Shark
Jaws,Flame Sword,Shark
Jaws,Flat Rock,Shark
Flowerpot,Jaws,Venus Flytrap
Flip Flop,Jaws,Shark
Jaws,Flu,Fluoride
Flying Cow,Jaws,Flying Shark
Flying Frog,Jaws,Flying Shark
Flying Fjord,Jaws,Flying Shark
Flying Fisherman,Jaws,Shark
Flying Machine,Jaws,Shark
Jaws,Flying Sand,Shark
Jaws,Flying Plant,Flying Shark
Jaws,Flying Roast Duck,Flying Shark
Jaws,Flying Spaghetti Monster,Flying Spaghetti Monster
Flying Whale,Jaws,Moby Dick
Flypaper,Jaws,Flytrap
Jaws,Flytrap,Venus Flytrap
Fountain of Youth,Jaws,Shark
Jaws,Fondue,Cheese
Jaws,Frank Herbert,Dune
Frankenstein,Jaws,Sharktopus
Frat Party,Jaws,Sharknado
Jaws,Freedom,Shark
Jaws,Fridge,Shark
Frisbee,Jaws,Shark
Frosting,Jaws,Shark
Jaws,Fruit Tree,Apple
Jaws,Frozen,Shark
Fun,Jaws,Shark
Gale,Jaws,Shark
Garbage Truck,Jaws,Shark
Jaws,Future,Shark
Jaws,Garnet,Shark
Gasoline,Jaws,Shark
Gator,Jaws,Crocodile
Fruit Fly,Jaws,Fruit Fly
Jaws,Gate,Shark
Geothermal Power Plant,Jaws,Sharknado
Jaws,Giant Dandelion,Giant Dandelion
Jaws,Glass Slipper,Cinderella
Global Warming,Jaws,Sharknado
Jaws,Glowworm,Angler Fish
Jaws,Glasser,Glass Jaws
Jaws,Godzilla,Sharkzilla
Gnome Village,Jaws,Gnomeo
Glue,Jaws,Shark
Gold,Jaws,Pirate
Jaws,Goblin,Shark
Google Earth,Jaws,Shark
Jaws,Googleplex,Shark
Jaws,Gone With The Wind,Gone With The Jaws
Googol,Jaws,Shark
Jaws,Green,Shark
Greatsword,Jaws,Shark
Green Tea,Jaws,Shark
Jaws,Gorgon,Medusa
Jaws,Great Wall Of China,Shark Wall
Jaws,Grinder,Shark
Jaws,Hades,Hell
Jaws,Guillotine,Shark
Hail,Jaws,Shark
Jaws,Hack,Shark
Hair,Jaws,Beard
Jaws,Hammerhead,Shark
Jaws,Hangar,Shark
Jaws,Harbor,Shark
Jaws,Haystack,Shark
Jaws,Hash,Shark
Jaws,Haunted House,Ghost Shark
Jaws,Hashish,Shark
Jaws,Heart,Shark
Herd,Jaws,Shark
Hidden,Jaws,Shark
Jaws,Heidi,Shark
Jaws,Hearth,Fireplace
Hieroglyph,Jaws,Shark
Jaws,Hill,Mountain
Jaws,Hippie,Shark
Jaws,Holy Dandelion,Lion
Holy Beer,Jaws,Whale
Hoover Dam,Jaws,Sharknado
Jaws,Holy Drunk,Jesus
Holy Smoke,Jaws,Shark
Jaws,Horse,Seahorse
Jaws,Holy Dandelion Wine,Holy Shark
Jaws,Hot Dog,Hot Dog
Jaws,Hot Sauce,Fire Breath
Jaws,Hot Springs,Shark
Hot Fudge Sundae,Jaws,Shark Attack
Hot Tea,Jaws,Hot Water
Jaws,Hot Water,Shark
Hot Tub,Jaws,Shark
Jaws,Hula Hoop,Shark
Hula-Tsunami,Jaws,Sharknado
Ice Dragon,Jaws,Ice Shark
Hydra,Jaws,Shark
Jaws,Ice Cream Sandwich,Shark
Jaws,Ice Age,Ice Jaws
Hydrogen,Jaws,Hydrojaws
Jaws,Ice Lily,Iceberg
Jaws,Ice Fishing,Shark
Jaws,Ice Tea,Shark
Iced Tea,Jaws,Shark
Jaws,Ice Tornado,Sharknado
Jaws,Internet,Shark
Jaws,Ink,Shark
Jaws,Irrigation,Shark
Iron Man,Jaws,Iron Jaws
Jaws,Jade,Nothing
Jaws,Jail,Shark
Jaws,Jack,Shark
Jaws,Janitor,Shark
Jailbreak,Jaws,Shark
Jelly,Wind,Jellyfish
Jelly,Earth,Land
Jelly,Lake,Jellyfish
Jelly,Lava,Volcano
Jelly,Mountain,Jellyfish
Steam,Jelly,Jellyfish
Volcano,Jelly,Lava
Jelly,Ash,Jellyfish
Wave,Jelly,Jellyfish
Jelly,Dandelion,Jellyfish
Jelly,Fog,Jellyfish
Jelly,Hurricane,Jellyfish
Avalanche,Jelly,Snowman
Jelly,Engine,Jellyfish
Mountain Range,Jelly,Jellyfish
Jelly,Sandstorm,Jellyfish
Jelly,Sand,Beach
Ocean,Jelly,Jellyfish
Jelly,Planet,Jupiter
Jelly,Storm,Lightning
Jelly,Swamp,Monster
Jelly,Beach,Jellyfish
Jelly,Tsunami,Jellyfish
Jelly,Brick,Nothing
Jelly,Dragon,Jellyfish
Jelly,Dust Storm,Dust Bunny
Jelly,Dandelion Patch,Dandelion Jelly
Fish,Jelly,Jellyfish
Jelly,Forest,Jellyfish
Jelly,Island,Jellyfish
Incense,Jelly,Jellyfish
Jelly,Landslide,Jellyfish
Jelly,Leaf,Jellyfish
Lightning,Jelly,Jellyfish
Jelly,Marsh,Jellyfish
Jelly,Moon,Jellyfish
Oasis,Jelly,Jellyfish
Jelly,Rock,Amber
Jelly,Sea,Jellyfish
Jelly,Seaweed,Jellyfish
Jelly,Obsidian,Jellyfish
Jelly,River,Jellyfish
Jelly,Sun,Jellyfish
Jelly,Snow,Slushie
Jelly,Wine,Jellyfish
Jelly,Train,Nothing
Tractor,Jelly,Tractor
Adobe,Jelly,Brick
Blade,Jelly,Jellyfish
Jelly,Balloon,Jellyfish
Jelly,Blizzard,Snowman
Jelly,Cyclone,Jellyfish
Jelly,Cactus,Jellyfish
Jelly,Chai,Jellyfish
Jelly,Coral,Jellyfish
Jelly,Boat,Jellyfish
Jelly,Delta,Nothing
Jelly,Dirt,Mud
Jelly,Disaster,Jellyfish
Destruction,Jelly,Jellyfish
Dragon Egg,Jelly,Dragon Jelly
Jelly,Dust Devil,Dust Bunny
Jelly,Energy,Jellyfish
Jelly,Electricity,Jellyfish
Jelly,Earthquake,Jellyquake
Jelly,Explosion,Jellyfish
Farm,Jelly,Jellyfish
Jelly,Frost,Ice Cream
Jelly,Flying Fish,Jellyfish
Jelly,Fishbowl,Jellyfish
Jelly,Galaxy,Black Hole
Jelly,Garden,Jellyfish
Jelly,Geyser,Jellyfish
Jelly,Hourglass,Jellyfish
Jelly,Holy Water,Jellyfish
Iceberg,Jelly,Jellyfish
Jelly,Land,Jellyfish
Jelly,Kiln,Jellyfish
Kelp,Jelly,Jellyfish
Jelly,Lens,Camera
Jelly,Lotus,Buddha
Jelly,Lunar,Moon
Lizard,Jelly,Frog
Jelly,Loch Ness Monster,Jelly Ness
Mirage,Jelly,Jellyfish
Jelly,Marijuana,Jellyfish
Mountain Dew,Jelly,Jelly Dew
Jelly,Mummy,Jellyfish
Mushroom,Jelly,Jellyfish
Palm Tree,Jelly,Jellyfish
Pencil,Jelly,Squid
Pond,Jelly,Jellyfish
Jelly,Paper,Sticky Note
Jelly,Satellite,Moon
Rainbow,Jelly,Unicorn
Jelly,Prayer,Jellyfish
Jelly,Rebirth,Jellyfish
Jelly,Pottery,Vase
Jelly,Seeds,Jam
Jelly,Shark,Jellyfish
Jelly,Ship,Jellyfish
Jelly,Snowman,Yeti
Smog,Jelly,Slime
Solar,Jelly,Sun
Space Ship,Jelly,Alien
Jelly,Statue,Venus
Jelly,Steamboat,Jellyfish
Jelly,Surfboard,Surfer
Jelly,Surfing,Jellyfish
Submarine,Jelly,Jellyfish
Jelly,Surfer,Wave
Sunflower,Jelly,Sun
Tank,Jelly,Nothing
Jelly,Sushi,Jellyfish
Jelly,Teapot,Jellyfish
Jelly,Venus Flytrap,Jellytrap
Jelly,Vine,Jellyfish
Jelly,Vineyard,Wine
Jelly,Waterfall,Jellyfish
Werewolf,Jelly,Werejelly
Whale,Jelly,Jellyfish
Jelly,Zephyr,Jellyfish
Jelly,Window,Jellyfish
Jelly,Wood,Jellyfish
Wind Farm,Jelly,Electricity
Jelly,Acid Rain,Jellyfish
Airplane,Jelly,Jellyfish
Airship,Jelly,Jellyfish
Algae,Jelly,Jellyfish
Jelly,Alien,Nothing
Jelly,Alligator,Crocodile
Jelly,Amber,Nothing
Apple,Jelly,Jelly
Archipelago,Jelly,Jellyfish
Barbecue,Jelly,Jam
Jelly,Beer,Nothing
Jelly,Black Hole,Nothing
Beacon,Jelly,Jellyfish
Jelly,Bird,Jellybird
Bee,Jelly,Honey
Jelly,Broom,Jellyfish
Book,Jelly,Jellyfish
Jelly,Bullet Train,Jelly Train
Jelly,Campfire,Marshmallow
Jelly,Canyon,Jellyfish
Jelly,Candle,Jellyfish
Jelly,Captain Nemo,Squid
Carnivorous Plant,Jelly,Jellyfish
Jelly,Bulldozer,Jellyfish
Jelly,Castle,Nothing
Jelly,Chimney,Smoke
Jelly,Christmas Tree,Jellyfish
Jelly,Catholic Church,Jellyfish
Jelly,Cigar,Jellyfish
Jelly,Cigarette,Jellyfish
Coal,Jelly,Nothing
Jelly,Clean,Jellyfish
Jelly,Coconut,Jellyfish
Cook,Jelly,Jellyfish
Jelly,Coral Reef,Jellyfish
Cough,Jelly,Nothing
Jelly,Crop,Jam
Jelly,Crash,Jam
Jelly,Crystal,Jellyfish
Jelly,Dragonfly,Dragon
Date,Jelly,Jam
Jelly,Dam,Jam
Jelly,Diamond Block,Diamond Jelly
Dust Bowl,Jelly,Peanut Butter
Jelly,Drawing,Jellyfish
Jelly,Drunk,Jello Shot
Dustbin,Jelly,Jellyfish
Jelly,Duck,Nothing
Jelly,Fairy,Jellyfish
Jelly,Fan,Jellyfish
Fence,Jelly,Jellyfish
Jelly,Fire Flower,Fire Jelly
Fireball,Jelly,Jellyfish
Jelly,Fireplace,Firefly
Jelly,Fire Trap,Fire Jelly
Jelly,Fire Station,Fire Jelly
Firebird,Jelly,Jellybird
Flame,Jelly,Firefly
Jelly,Flamethrower,Fire
Jelly,Flying Saucer,Alien
Jelly,Flood,Jellyfish
Geysers,Jelly,Jellyfish
Jelly,Giant Mushroom,Jellyfish
Jelly,Goldfish,Jellyfish
Jelly,Grape,Jelly
Jelly,Graffiti,Jellyfish
Honeycomb,Jelly,Honey
Jelly,Hay Fever,Nothing
Jelly,Grass,Lime
Jelly,Hawaii,Jellyfish
Holy Lake,Jelly,Jellyfish
Jelly,Hot Air Balloon,Jellyfish
Jetpack,Jelly,Alien
Jelly,Jewel,Jellyfish
Jelly,Kettle,Jellyfish
Jelly,Komodo Dragon,Jelly Dragon
Jelly,Lily Pad,Frog
Lotus Flower,Jelly,Buddha
Jelly,Leviathan,Jellyfish
Lunar Eclipse,Jelly,Moon
Jelly,Meteor,Moon
Meade,Jelly,Jellyfish
Magnifying Glass,Jelly,Sun
Jelly,Map,Atlas
Jelly,Match,Fire
Jelly,Nebula,Galaxy
Milky Way,Jelly,Galaxy
Jelly,Mudslide,Jellyfish
Nessie,Jelly,Monster
Jelly,Nymph,Mermaid
Oil,Jelly,Jellyfish
Palm,Jelly,Jellyfish
Jelly,Ozymandias,Jellyfish
Jelly,Pangaea,Earth
Jelly,Park,Jellyfish
Jelly,Pig,Nothing
Jelly,Paper Boat,Jellyfish
Jelly,Party,Jellyfish
Penguin,Jelly,Jellyfish
Pirate,Jelly,Jellyfish
Pop,Jelly,Nothing
Pompeii,Jelly,Jellyfish
Jelly,Plane,Jellyfish
Jelly,Pollution,Blob
Jelly,Racecar,Jellyfish
Jelly,Poseidon,Jellyfish
Jelly,Popcorn,Jelly Pop
Jelly,Quagmire,Swamp
Jelly,Reef,Fish
Jelly,Ring,Jellyfish
Jelly,Robot,Jellybot
Rice,Jelly,Sushi
Rainforest,Jelly,Jellyfish
Jelly,Rose,Jellyfish
Jelly,Salamander,Jellyfish
Jelly,Salt,Pickle
Jelly,Sandbox,Sandcastle
Jelly,Rover,Jellyfish
Jelly,Sarcophagus,Mummy
Jelly,Sashimi,Jellyfish
Jelly,Saturn,Jellyfish
Scent,Jelly,Perfume
Jelly,Shipwreck,Jellyfish
Shatter,Jelly,Jellyfish
Jelly,Sea Monster,Jellyfish
Jelly,Shard,Glass
Jelly,Sharknado,Jellynado
Jelly,Sky,Cloud
Smell,Jelly,Fish
Jelly,Sneeze,Snot
Jelly,Smoker,Jellyfish
Jelly,Snowstorm,Snowman
Solar Flare,Jelly,Sun
Jelly,Solar Wind,Life
Space,Jelly,Alien
Soup,Jelly,Jellyfish
Splash,Jelly,Jellyfish
Jelly,Stew,Jellyfish
Steamroller,Jelly,Jelly
Sphinx,Jelly,Sphinx
Jelly,Starfish,Jellyfish
Jelly,Stoner,Jellystone
Jelly,Subway,Jellyfish
Jelly,Supernova,Black Hole
Jelly,Super Volcano,Jellyfish
Sword,Jelly,Jellyfish
Jelly,System,Jellyfish
Tanker,Jelly,Jellyfish
Jelly,Tea Party,Jellyfish
Tea Bag,Jelly,Jellyfish
Teacup,Jelly,Jellyfish
Jelly,Thunderstorm,Lightning
Jelly,Tesla,Jellyfish
Jelly,Time,Fossil
Jelly,Temple,Jellyfish
Jelly,Toadstool,Mushroom
Jelly,Troll,Nothing
Tomb,Jelly,Mummy
Jelly,Town,Jellytown
Jelly,Tumbleweed,Cactus
Jelly,Universe,Black Hole
Jelly,UFO,Alien
Vaporizer,Jelly,Jellyfish
Jelly,Venus,Jellyfish
Jelly,Wasabi,Sushi
Village,Jelly,Jellyfish
Jelly,Weather,Rain
Vinegar,Jelly,Jellyfish
Wind Turbine,Jelly,Electricity
Jelly,Winery,Wine
Jelly,Yeti,Nothing
Jelly,Alps,Jellyfish
Abominable Snowman,Jelly,Yeti
Jelly,Wolf,Werewolf
Amazon,Jelly,Nothing
Jelly,Amphora,Jellyfish
Jelly,America,Peanut Butter
Jelly,Amoeba,Jellyfish
Jelly,Asia,Jellyfish
Jelly,Aphrodite,Jellyfish
Ariel,Jelly,Mermaid
Jelly,Ant,Antjelly
Jelly,Apple Tree,Jelly Apple
Jelly,Astronaut,Alien
Aspirin,Jelly,Jelly Bean
Jelly,Bait,Jellyfish
Jelly,Bacteria,Jellyfish
Balsamic Vinegar,Jelly,Jellyfish
Jelly,Barley,Beer
Jelly,Bat,Vampire
Jelly,Baptism,Jellyfish
Battleship,Jelly,Jellyfish
Beehive,Jelly,Honey
Jelly,Bear,Nothing
Beach House,Jelly,Jellyfish
Jelly,Big Dipper,Jellyfish
Birthday,Jelly,Jellyfish
Jelly,Bonsai,Jellyfish
Jelly,Blind,Fish
Jelly,Bookshelf,Jellyfish
Jelly,Boiled Fish,Sushi
Jelly,Breeze,Jellyfish
Bottle Rocket,Jelly,Jelly Rocket
Brandy,Jelly,Jellybean
Jelly,Brine,Pickle
Jelly,Blood,Vampire
Jelly,Bubble,Jellyfish
Bullet,Jelly,Jam
Broken,Jelly,Jam
Jelly,Broomstick,Jellyfish
Jelly,Broken Window,Jellyfish
Jelly,Cake,Nothing
Cannonball,Jelly,Jellyfish
Jelly,Captain,Jellyfish
Jelly,Canoe,Jellyfish
Jelly,Cannabis,Edible
Jelly,Carbon,Jellyfish
Jelly,Carnivore,Jellyfish
Jelly,Cave,Jellyfish
Chaos,Jelly,Slime
Chia,Jelly,Jellyfish
Chariot,Jelly,Jellyfish
Jelly,Chef,Jellyfish
Jelly,Cheese,Cheesecake
Jelly,Charcoal,Black Jelly
Jelly,Chicken,Jellyfish
Cigar Box,Jelly,Jellyfish
Jelly,City,Jellyfish
Cider,Jelly,Jellyfish
Jelly,Choo Choo,Jelly Train
Jelly,Cleaner,Jellyfish
Clock,Jelly,Time
Jelly,Clockwork,Jellyfish
Jelly,Cloud Station,Cloud
Jelly,Compass,Nothing
Jelly,Coconut Milk,Jellyfish
Jelly,Colored Pencil,Jellyfish
Jelly,Clouds,Rainbow
Jelly,Color,Jellyfish
Jelly,Cotton,Marshmallow
Jelly,Cow,Jellyfish
Jelly,Crab,Jellyfish
Crop Circle,Jelly,Jellyfish
Jelly,Confetti,Jellyfish
Curiosity,Jelly,Jellyfish
Jelly,Devil,Nothing
Jelly,Dandelion Tea,Jellyfish
Dough,Jelly,Donut
Jelly,Drink,Jellyfish
Jelly,Dryad,Jellyfish
Jelly,Duck and Cover,Jellyfish
Jelly,Dracula,Vampire
Jelly,Drain,Jellyfish
Duckling,Jelly,Nothing
Jelly,Duckweed,Jellyfish
Jelly,Dust Trap,Jellyfish
Jelly,Dump Truck,Jelly Truck
Dustpan,Jelly,Jellyfish
Eagle,Jelly,Jellyfish
Jelly,Eden,Adam
Jelly,Egypt,Mummy
Egg,Jelly,Jellyfish
Jelly,Enlightenment,Jellyfish
Engagement,Jelly,Wedding
Eraser,Jelly,Jellyfish
Jelly,Emerald,Jello
Jelly,Elf,Jellyfish
Farmer,Jelly,Jellyfish
Jelly,Exhaust,Jellyfish
Jelly,Fire Breath,Fire Jelly
Fire Train,Jelly,Fire Jelly
Jelly,Fire Balloon,Fire Jelly
Jelly,Fire Truck,Jelly Truck
Jelly,Fire Venus,Fire Venus
Firefly,Jelly,Jellyfish
Firefighter,Jelly,Fire Jelly
Jelly,Fishing Boat,Jellyfish
Flat Earth,Jelly,Jellyfish
Jelly,Fish Tank,Jellyfish
Jelly,Firewood,Jellyfish
Firewater,Jelly,Firejelly
Jelly,Flint,Stone
Jelly,Flock,Jellyfish
Jelly,Flying Car,Flying Jelly
Jelly,Flying Dust,Flying Jelly
Jelly,Flying Pig,Flying Jelly
Jelly,Flying Starfish,Jellyfish
Jelly,Flying Shark,Jellyfish
Jelly,Foggy Ghost,Jellyfish
Jelly,Food,Jellyfish
Fruit,Jelly,Jam
Jelly,Fortress,Jellyfish
Fountain,Jelly,Jellyfish
Jelly,Fragrance,Perfume
Jelly,Frosty,Snowman
Jelly,Fungus,Jellyfish
Jelly,Galileo,Galileo
Garage,Jelly,Jam
Jelly,Gem,Jellyfish
Garlic,Jelly,Vampire
Jelly,Gnome,Nothing
Jelly,Geothermal Plant,Jellyfish
Jelly,Google,Android
Jelly,Goat,Goat Cheese
Grave,Jelly,Jellyfish
Jelly,Grand Canyon,Jelly Canyon
Great Wall of China,Jelly,Jelly Wall
Goose,Jelly,Gooseberry
Grapevine,Jelly,Wine Jelly
Greenland,Jelly,Green Jelly
Jelly,Hanglider,Jellyfish
Hermit,Jelly,Jellyfish
Jelly,Grill,Jellyfish
Himalayas,Jelly,Yeti
Hobbit,Jelly,Gollum
Jelly,Hive,Honey
Jelly,Hole,Donut
Head,Jelly,Jellyfish
Jelly,Holy Grail,Jellyfish
Jelly,Holy Spirit,Jellyfish
Jelly,Human,Jellyfish
Jelly,Home,Jellyfish
Jelly,Hydroelectricity,Jellyfish
Jelly,Illusion,Jellyfish
Jelly,Ice Cream Cone,Jelly Bean
Jelly,Inquisition,Jellyfish
Iron,Jelly,Robot
Jelly,Ivy,Jellyfish
Jelly,Jesus,Jellyfish
Jelly,Jet Ski,Jellyfish
Joint,Jelly,Jellyfish
Hops,Jelly,Beer
Jelly,Ketchup,Jellyfish
Jelly,Knight,Jellyfish
Jelly,Jupiter,Jellyfish
Jonah,Jelly,Jellyfish
Kaleidoscope,Jelly,Jellyfish
Landfill,Jelly,Jellyfish
Jelly,Landing,Moon
Lagoon,Jelly,Jellyfish
Kraken,Jelly,Jellyfish
Jelly,Krakken,Jellykraken
Jelly,Landship,Jellyfish
Jelly,Lava Monster,Jelly Monster
Jelly,Lava Cake,Jelly Cake
Jelly,Lawn,Jellyfish
Jelly,Lawnmower,Jellyfish
Jelly,Library,Book
Jelly,Log,Jellyfish
Jelly,Lily Flytrap,Jellyfish
Light,Jelly,Jellyfish
Jelly,Longboat,Viking
Jelly,Lost,Jellyfish
Jelly,Love,Jellyfish
Jelly,Lung,Jellyfish
Jelly,Mad Hatter,Jellyfish
Jelly,Magma,Lava
Jelly,Mead,Jellyfish
Jelly,Matcha,Nothing
Jelly,Mangrove Forest,Man O’ War
Medusa,Jelly,Jellyfish
Metro,Jelly,Jellyfish
Meteorite,Jelly,Alien
Jelly,Metal,Robot
Jelly,Milk,Jellyfish
Jelly,Milkshake,Jellyfish
Jelly,Mississippi,River
Jelly,Moat,Jellyfish
Jelly,Money,Jellyfish
Jelly,Medicine,Jellyfish
Jelly,Monk,Jellyfish
Jelly,Monkey,Jellyfish
Jelly,Monster,Jellyfish
Jelly,Moon Mountain,Moon
Jelly,Mop,Jellyfish
Jelly,Moonstone,Jellyfish
Mountain Tea,Jelly,Jelly Tea
Jelly,Moses,Jell-Moses
Jelly,Mosquito,Jellyfish
Mountain Tornado,Jelly,Jellyfish
Jelly,Mud Geyser,Jellyfish
Jelly,Mud Station,Jellyfish
Muddy,Jelly,Swamp
Mud Puddle,Jelly,Slime
Jelly,Muddy Teapot,Jellyfish
Jelly,Narwhal,Jellywhal
Muddy Wind Farm,Jelly,Jellyfish
Jelly,Ninja,Jellyfish
Observatory,Jelly,Telescope
Jelly,Olympus Mons,Jellyfish
Jelly,Oil Drum,Blob
Olympus,Jelly,Zeus
Oven,Jelly,Jelly Cake
Oxygen,Jelly,Jellyfish
Papyrus,Jelly,Jellyfish
Jelly,Pearl,Jellyfish
Jelly,Palace,Jellyfish
Pelican,Jelly,Jellyfish
Periscope,Jelly,Jellyfish
Jelly,Photoshop,Jellyfish
Pickle,Jelly,Nothing
Pharaoh,Jelly,Tutankhamun
Pigpen,Jelly,Jellyfish
Jelly,Piglet,Jigglypuff
Piggyback,Jelly,Jellyfish
Pilot,Jelly,Jellyfish
Jelly,Piggy Bank,Jellyfish
Jelly,Pineapple,Jellyfish
Piranha Plant,Jelly,Jellyfish
Pine,Jelly,Jellyfish
Pirate Ship,Jelly,Jellyfish
Jelly,Plantation,Jellyfish
Plantea,Jelly,Jellyfish
Jelly,Pope,Nothing
Potato,Jelly,Jellyfish
Jelly,Pluto,Jellyfish
Jelly,Priest,Jellyfish
Power,Jelly,Electricity
Jelly,Prison,Jellyfish
Jelly,Prism,Rainbow
Jelly,Prince,Jellyfish
Quasar,Jelly,Universe
Pufferfish,Jelly,Jellyfish
Jelly,Quicksand,Jellyfish
Jelly,Railroad,Train
Jelly,Race,Jellyfish
Reflection,Jelly,Mirror
Jelly,Rainbow Trout,Jellyfish
Raisin,Jelly,Jellybean
Rice Field,Jelly,Sushi
Jelly,Road,Traffic Jam
Rust,Jelly,Jellyfish
Jelly,Ruby,Jellyfish
Jelly,Rubber,Bouncy
Jelly,Ruins,Atlantis
Sacrifice,Jelly,Jellyfish
Jelly,Salmon,Jellyfish
Saint,Jelly,Jellyfish
Jelly,Salt Lick,Jellyfish
Jelly,Salad,Jellyfish
Jelly,Sand Dunes,Desert
Jelly,Sandstone,Amber
Jelly,Santa,Jellyfish
Jelly,Sculpture,Jellyfish
Sea Dandelion,Jelly,Jellyfish
Seaplane,Jelly,Jellyfish
Jelly,Sea Dragon,Jellyfish
Jelly,Sea Star,Jellyfish
Shaman,Jelly,Jellyfish
Jelly,Sharkicane,Nothing
Jelly,Singularity,Black Hole
Jelly,Sink,Jellyfish
Sinking,Jelly,Nothing
Jelly,Siren,Jellyfish
Jelly,Smoking,Jellyfish
Sky Castle,Jelly,Jelly Castle
Jelly,Smurf,Smurf
Jelly,Smoke Detector,Jellyfish
Jelly,Snowpocalypse,Snowman
Jelly,Snowboard,Jellyfish
Jelly,Snowflake,Slushie
Snake,Jelly,Jellyfish
Snowplow,Jelly,Snowman
Jelly,Sodium,Jellyfish
Soda,Jelly,Jellyfish
Jelly,Space Farm,Alien
Jelly,Space Flower,Alien
Jelly,Solar Dust,Star
Jelly,Space Weed,Alien
Space Shuttle,Jelly,Alien
Jelly,Sperm,Jellyfish
Spaceship,Jelly,Alien
Jelly,Steam Punk,Jellyfish
Jelly,Station,Jellyfish
Jelly,Steam Dragon,Jelly Dragon
Jelly,Steam Train,Jelly Train
Jelly,Steam Robot,Jellybot
Jelly,Steamship,Jellyfish
Jelly,Sunami,Jellyfish
Jelly,Sunrise,Jellyfish
Jelly,Sundae,Jellyfish
Jelly,Supercontinent,Pangea
Jelly,Swan,Jellyfish
Jelly,Swamp Fire,Jellyfish
Jelly,Surge,Jellyfish
Jelly,Sweat,Jellyfish
Jelly,Thor,Nothing
Jelly,Tiamat,Jellyfish
Jelly,Tesla Tower,Lightning
Jelly,Tempest,Jellyfish
Tarzan,Jelly,Jellyman
Time Ship,Jelly,Jellyfish
Titan,Jelly,Jellyfish
Jelly,Time Travel,Dinosaur
Jelly,Titanado,Jellyfish
Toast,Jelly,Peanut Butter
Jelly,Tomato,Jellyfish
Toxic Waste,Jelly,Mutant
Jelly,Torch,Fire
Treasure,Jelly,Jellyfish
Jelly,Unicorn,Jellycorn
Jelly,Tsunamic,Jellyfish
Jelly,Turtle,Turtle
Jelly,Treehouse,Jellyfish
Jelly,Twister,Jellyfish
Vatican,Jelly,Pope
Jelly,Vape,Jellyfish
Vapor,Jelly,Cloud
Jelly,Valkyrie,Jellyfish
Jelly,Virus,Jellyfish
Jelly,Vodka,Jellyfish
Wax,Jelly,Candle
Jelly,Wet,Jellyfish
Jelly,Warmth,Jellyfish
Jelly,Whistle,Jellyfish
Jelly,Wheel,Car
Windshield,Jelly,Splat
Jelly,Whirlpool,Jellyfish
Whiskey,Jelly,Jellyfish
Wish Upon A Star,Jelly,Jellyfish
Wolf Pack,Jelly,Jellyfish
Jelly,Wormhole,Time Travel
Jelly,Worship,Jellyfish
Jelly,Wolfsbane,Werewolf
Zeppelin,Jelly,Jellyfish
Zeus,Jelly,Jellyfish
Zephyr Train,Jelly,Jelly Train
Jelly,Zombie,Jellyfish
Jelly,Air Dragon,Jellyfish
Jelly,Aeon,Time
840,Jelly,924
Air Conditioner,Jelly,Jellyfish
Jelly,Absinthe,Jellyfish
Aircraft Carrier,Jelly,Jellyfish
Jelly,Albatross,Jellyfish
Alice,Jelly,Jello
Jelly,Allergies,Anaphylaxis
Jelly,Airport,Jellyfish
Alpha,Jelly,Nothing
Jelly,Altar,Jellyfish
Jelly,Alphabet,Jellyfish
Jelly,Ammolite,Ammonite
Amphibious Car,Jelly,Jellyfish
Jelly,Amphibian,Frog
Jelly,Anchor,Jellyfish
Ammonia,Jelly,Jellyfish
Amphicar,Jelly,Jellycar
Anemone,Jelly,Jellyfish
Antimatter,Jelly,Nothing
Ape,Jelly,Monkey
Apocalypse,Jelly,Jellyfish
Antfly,Jelly,Antjelly
Apollo,Jelly,Jam
Apple Orchard,Jelly,Jelly
Jelly,Aquaman,Jellyfish
Apple Juice,Jelly,Jelly Juice
Jelly,Ares,Jellyfish
Jelly,Ash Ketchum,Pikachu
Jelly,Ashes,Jellyfish
Jelly,Asteroid,Meteor
Archangel,Jelly,Angel Jelly
Jelly,Astronomer,Black Hole
Jelly,Atlas,Jellyfish
Jelly,Aurora,Jellyfish
Jelly,Autumn,Jam
Jelly,Australia,Jellyfish
B-52,Jelly,Jellyfish
Jelly,Baby,Nothing
Jelly,BBQ,Jam
Jelly,Baby Dinosaur,Dinosaur
Jelly,Barbecue Sauce,Jam
Baconator,Jelly,Baconator
Jelly,Bahamut,Jellyfish
Jelly,Banana,Jellybean
Jelly,Bathtub,Jellyfish
Jelly,Battery,Jellyfish
Jelly,Batter,Doughnut
Battle,Jelly,Jellyfish
Battle Axe,Jelly,Jellyfish
Jelly,Battlefield,Jellyfish
Jelly,Beanstalk,Jelly Bean
Jelly,Birthday Cake,Jelly Cake
Jelly,Bjork,Jellyfish
Balsamic Glaze,Jelly,Balsamic Jelly
Jelly,Black Pearl,Jellyfish
Jelly,Blimp,Jellyfish
Blood Moon,Jelly,Jellyfish
Jelly,Black Sand,Black Jelly
Jelly,Black Lily,Black Jelly
